Médecin Généraliste et Médecin du Sommeil-MEDEE Visites à Domicile,"13 km, 92130 Issy-les-Moulineaux",Secteur non disponible
Médecin Généraliste et Médecin du Sommeil-MEDEE Visites à Domicile,"13 km, 92130 Issy-les-Moulineaux",Secteur non disponible
Médecin Généraliste et Médecin du Sommeil-MEDEE Visites à Domicile,"18,2 km, 94800 Villejuif",Secteur non disponible
Médecin Généraliste et Médecin du Sommeil-MEDEE Visites à Domicile,"18,2 km, 94800 Villejuif",Secteur non disponible
Médecin Généraliste et Médecin du Sommeil-MEDEE Visites à Domicile,"21,8 km, 94260 Fresnes",Secteur non disponible
Médecin Généraliste et Médecin du Sommeil-MEDEE Visites à Domicile,"21,8 km, 94260 Fresnes",Secteur non disponible
Médecin Généraliste et Médecin du Sommeil-MEDEE Visites à Domicile,"27 km, 93160 Noisy-le-Grand",Secteur non disponible
Médecin Généraliste et Médecin du Sommeil-MEDEE Visites à Domicile,"27 km, 93160 Noisy-le-Grand",Secteur non disponible
Médecin Généraliste et Médecin du Sommeil-MEDEE Visites à Domicile,"27,5 km, 91380 Chilly-Mazarin",Secteur non disponible
Médecin Généraliste et Médecin du Sommeil-MEDEE Visites à Domicile,"27,5 km, 91380 Chilly-Mazarin",Secteur non disponible
